"parameter","coefficient","p.value"
"Phos",-0.0200483717397696,0.0108645571357601
"TotP",-0.0904103578937278,0.112367560518257
"Chla",-0.0879034703589446,0.18246381158069
"Nitr",-0.0877231823959312,0.34284357684111
"Density",-0.133295112776757,0.34344617096011
"Fluo",-0.0145720840552778,0.585844277725305
"Sal",0.0371515082887243,0.80007652021832
"Si",-0.0109855834149822,0.920383583380859
